trade_count,gross_pnl_per_trade,net_pnl_per_trade,profit_factor,max_drawdown,return_to_max_drawdown,avg_explicit_cost_per_trade,total_return,variant,window
19,537.5640676691714,455.0588045112768,3.5840941475002137,1093.9410000000207,7.903641316774941,82.50526315789475,8646.11728571426,redesign_fast_rejection_base,combined_oos
26,389.5722829670293,309.1492060439524,2.4020165160402587,2387.1859285716055,3.367093974934873,80.42307692307692,8037.879357142762,redesign_fast_rejection_base,oos_plus_holdout
69,115.25161904760924,35.471908902681676,1.108142736657933,6812.54257142877,0.3592728689212018,79.77971014492752,2447.5617142850356,redesign_fast_rejection_base,full_sample
21,436.6155442176856,354.5393537414952,2.6438220690067005,1389.1275714286458,5.3597139540713785,82.07619047619048,7445.3264285713985,redesign_fast_rejection_reentry_relief,combined_oos
31,256.13678110599164,178.917426267282,1.6759333878402292,3497.7842142857844,1.5857010823116984,77.21935483870968,5546.440214285742,redesign_fast_rejection_reentry_relief,oos_plus_holdout
81,48.41521957671161,-28.368731040572335,0.9183074516840188,8376.776785714464,-0.274314008009033,76.78395061728395,-2297.8672142863593,redesign_fast_rejection_reentry_relief,full_sample
