month,return
2024-01,2613.9652508521
2024-02,10272.564315894753
2024-03,3237.810223454781
2024-04,9649.781550921862
2024-05,6238.123644147146
2024-06,9407.25641171548
2024-07,13952.768770993687
2024-08,4452.906625762553
2024-09,18325.33511165877
2024-10,4857.888282125031
2024-11,15442.063218474861
2024-12,12324.030039635642
